[
    {
        "parent_email": "codebyvy@gmail.com",
        "name": "Ngô Văn Hưng",
        "class_name": "8A1",
        "semester": "Học kỳ 1",
        "teacher": "Trần Ngọc Khánh Vy",
        "report_date": "06/12/2025",
        "school": "THCS Bàn Cờ",
        "link": "https://thcsbanco.hcm.edu.vn/homegd5",
        "scores": {
            "Toán": { "mid_term": 8.0, "final": 8.0, "average": 8.0, "comment": "Tốt" },
            "Văn": { "mid_term": 6.0, "final": 7.5, "average": 6.75, "comment": "Khá" },
            "Anh": { "mid_term": 3.2, "final": 4.5, "average": 3.85, "comment": "Tệ" }
        },
        "gpa": 8.2,
        "remark": "Học sinh có thành tích tốt trong học kỳ này.",
        "school_address": "Trường THCS Bàn Cờ, Quận 3, TP. Hồ Chí Minh",
        "student_photo": "https://encrypted-tbn0.gstatic.com/images?q=tbn:ANd9GcTr4XXtVaQJG6iwr_IrHva3BxzuEVeHhjX81Q&s"
    }
]
